,precision,recall,f1-score,support
no-damage,0.5950848449385605,0.6853099730458221,0.637018477920451,1484.0
minor-damage,0.0,0.0,0.0,544.0
major-damage,0.04316546762589928,0.036585365853658534,0.039603960396039604,164.0
destroyed,0.029209621993127148,0.07083333333333333,0.0413625304136253,240.0
accuracy,0.4276315789473684,0.4276315789473684,0.4276315789473684,0.4276315789473684
macro avg,0.16686498363939672,0.1981821680582035,0.17949624218252896,2432.0
weighted avg,0.36891256408627543,0.4276315789473684,0.3954594893249053,2432.0
